worker_id,ideology,reddit,news
175,left,political_redditor,news_reader
178,right,nonpolitical_redditor,news_reader
114,right,political_redditor,news_reader
91,right,political_redditor,news_reader
34,left,political_redditor,news_reader
140,right,political_redditor,news_reader
29,center,nonredditor,news_reader
74,right,political_redditor,news_reader
61,left,nonredditor,news_reader
58,right,nonredditor,news_reader
97,right,nonredditor,nonnews_reader
211,left,nonredditor,nonnews_reader
15,left,nonredditor,news_reader
10,right,political_redditor,news_reader
181,left,nonpolitical_redditor,news_reader
42,left,political_redditor,news_reader
207,left,political_redditor,news_reader
19,right,political_redditor,news_reader
20,right,nonredditor,news_reader
79,center,political_redditor,news_reader
191,right,nonredditor,news_reader
33,center,nonredditor,news_reader
50,left,nonredditor,nonnews_reader
51,left,nonredditor,news_reader
197,left,political_redditor,news_reader
136,left,political_redditor,news_reader
25,left,political_redditor,news_reader
173,left,nonredditor,news_reader
75,left,political_redditor,news_reader
116,center,nonredditor,news_reader
121,right,political_redditor,nonnews_reader
208,right,nonpolitical_redditor,nonnews_reader
95,left,political_redditor,news_reader
82,right,political_redditor,news_reader
163,left,political_redditor,news_reader
213,left,nonredditor,news_reader
205,center,nonpolitical_redditor,nonnews_reader
60,right,political_redditor,news_reader
115,center,political_redditor,news_reader
147,right,political_redditor,news_reader
190,right,political_redditor,news_reader
30,left,political_redditor,news_reader
128,left,nonpolitical_redditor,news_reader
111,left,nonpolitical_redditor,news_reader
53,left,nonpolitical_redditor,news_reader
52,center,nonpolitical_redditor,news_reader
70,center,nonredditor,news_reader
72,right,political_redditor,news_reader
5,center,political_redditor,nonnews_reader
198,left,nonredditor,nonnews_reader
200,center,nonredditor,nonnews_reader
139,center,political_redditor,news_reader
135,left,nonredditor,news_reader
28,left,nonpolitical_redditor,nonnews_reader
24,left,political_redditor,news_reader
174,left,political_redditor,news_reader
172,left,political_redditor,news_reader
155,left,political_redditor,nonnews_reader
78,center,nonpolitical_redditor,news_reader
118,center,nonpolitical_redditor,nonnews_reader
101,left,nonredditor,nonnews_reader
100,left,nonpolitical_redditor,news_reader
96,center,nonredditor,nonnews_reader
99,left,political_redditor,news_reader
215,left,political_redditor,news_reader
164,center,political_redditor,news_reader
170,left,nonredditor,news_reader
143,right,nonredditor,news_reader
148,right,political_redditor,news_reader
162,right,political_redditor,news_reader
177,left,nonpolitical_redditor,news_reader
179,right,nonredditor,nonnews_reader
216,right,nonredditor,news_reader
129,right,political_redditor,news_reader
141,right,nonredditor,news_reader
146,center,political_redditor,news_reader
14,right,political_redditor,news_reader
31,left,political_redditor,news_reader
43,right,nonredditor,news_reader
117,left,political_redditor,news_reader
119,left,political_redditor,news_reader
120,left,nonpolitical_redditor,news_reader
202,right,nonredditor,news_reader
206,center,nonpolitical_redditor,news_reader
109,left,nonredditor,nonnews_reader
112,center,political_redditor,nonnews_reader
110,center,nonredditor,news_reader
113,right,political_redditor,news_reader
54,left,political_redditor,news_reader
71,left,nonredditor,nonnews_reader
73,left,political_redditor,news_reader
69,left,nonredditor,news_reader
6,center,nonredditor,nonnews_reader
7,left,political_redditor,news_reader
9,left,political_redditor,news_reader
8,left,nonpolitical_redditor,news_reader
201,right,nonredditor,news_reader
199,center,political_redditor,nonnews_reader
137,left,political_redditor,news_reader
138,left,political_redditor,nonnews_reader
27,left,political_redditor,news_reader
26,left,nonpolitical_redditor,news_reader
176,right,political_redditor,news_reader
171,left,political_redditor,news_reader
90,left,political_redditor,news_reader
93,left,political_redditor,news_reader
89,left,nonredditor,nonnews_reader
92,left,nonredditor,news_reader
158,left,political_redditor,news_reader
160,right,nonredditor,news_reader
157,right,nonpolitical_redditor,news_reader
156,right,nonredditor,news_reader
159,center,political_redditor,nonnews_reader
80,center,political_redditor,news_reader
83,right,political_redditor,news_reader
13,center,nonredditor,news_reader
18,right,political_redditor,news_reader
17,right,political_redditor,news_reader
16,right,nonredditor,nonnews_reader
123,left,political_redditor,news_reader
127,right,nonredditor,news_reader
56,left,political_redditor,nonnews_reader
63,left,nonredditor,news_reader
57,right,political_redditor,news_reader
188,left,political_redditor,news_reader
186,left,political_redditor,news_reader
185,left,political_redditor,news_reader
44,left,political_redditor,news_reader
38,right,political_redditor,news_reader
35,right,political_redditor,news_reader
32,left,nonpolitical_redditor,news_reader
98,right,nonredditor,news_reader
209,left,political_redditor,news_reader
212,left,political_redditor,news_reader
168,left,political_redditor,news_reader
169,left,nonpolitical_redditor,news_reader
161,left,nonpolitical_redditor,news_reader
145,right,political_redditor,news_reader
142,right,political_redditor,news_reader
22,right,political_redditor,news_reader
23,center,nonredditor,news_reader
11,right,nonpolitical_redditor,nonnews_reader
94,left,nonpolitical_redditor,nonnews_reader
102,left,nonpolitical_redditor,news_reader
103,right,political_redditor,news_reader
77,center,political_redditor,nonnews_reader
76,left,political_redditor,news_reader
81,left,nonpolitical_redditor,news_reader
167,left,political_redditor,news_reader
165,left,political_redditor,news_reader
166,center,political_redditor,news_reader
189,left,political_redditor,news_reader
183,left,political_redditor,news_reader
210,left,nonpolitical_redditor,news_reader
62,right,nonpolitical_redditor,nonnews_reader
59,left,political_redditor,nonnews_reader
55,left,nonredditor,news_reader
125,left,political_redditor,news_reader
124,left,political_redditor,news_reader
126,right,political_redditor,news_reader
149,left,nonredditor,news_reader
144,left,nonredditor,news_reader
39,left,political_redditor,news_reader
36,center,political_redditor,nonnews_reader
21,left,political_redditor,news_reader
182,left,nonredditor,news_reader
180,left,political_redditor,news_reader
184,center,nonredditor,news_reader
187,left,nonpolitical_redditor,nonnews_reader
40,left,nonredditor,nonnews_reader
37,left,nonpolitical_redditor,nonnews_reader
122,left,nonredditor,news_reader
204,right,political_redditor,news_reader
203,left,political_redditor,news_reader
214,right,nonpolitical_redditor,news_reader
